candidate_id,topology,target_sweep_mhz,seed_center_mhz,element_count,longest_element_mm,boom_or_width_mm,conductor_diameter_sweep_mm,rough_gain_target_dbi,feed_complexity,size_cost_risk,fabrication_tolerance_risk,passive_chain_note,simulation_priority,status
Y900_5EL_SEED,Yagi-Uda,880-960,900,5,173.2,266.5,4;6;8,7-9,medium: split driven element and balun or matching transition required,medium,medium,Lower-band relevance but passive coupler and coax loss can erase gain,1,SUPERSEDED: fails as seeded (2026-08-09), see simulations/results/y900_5el_seed_first_pass.md; replaced by Y900_5EL_OPT_V2_BW
Y1800_5EL_SEED,Yagi-Uda,1710-1880,1800,5,86.6,133.2,3;4;6,7-9,medium: split driven element and balun or matching transition required,low,high,Small and cheap but depends on LTE Band 3 survival during outages,2,SUPERSEDED: fails as seeded (2026-08-09), see simulations/results/y1800_5el_seed_first_pass.md; replaced by Y1800_5EL_OPT_V2_BW
Y900_5EL_OPT_V2_BW,Yagi-Uda (NEC-optimized directors),880-960,900,5,166.6,277.6,4;6;8,11,high: native impedance 3-95 ohm resistive across band; matching network required,medium,medium,SIMULATED 2026-08-10: 11.1-11.3 dBi flat gain across required band; VSWR 2.4-87.6 unmatched; net gain -2.4 to +10.3 dBi unmatched depending on frequency; see simulations/results/y900_5el_opt_v2_bw_first_pass.md,1,WORKING CANDIDATE pending matching network design
Y1800_5EL_OPT_V2_BW,Yagi-Uda (NEC-optimized directors),1710-1880,1800,5,83.3,157.3,3;4;6,11,high: native impedance 8-29 ohm resistive across band; matching network beneficial,low,medium,SIMULATED 2026-08-10: 11.1-11.5 dBi flat gain across required band; VSWR 5.8-32.5 unmatched; net gain +1.7 to +8.5 dBi unmatched at every required check point; see simulations/results/y1800_5el_opt_v2_bw_first_pass.md,2,WORKING CANDIDATE pending matching network design
Y900_7EL_SEED,Yagi-Uda,880-960,900,7,173.2,349.8,4;6;8,9-11,medium: split driven element and balun or matching transition required,medium,high,More margin than 5-element 900 MHz seed but larger and more tolerance-sensitive,3,pre-simulation seed only
Y1800_7EL_SEED,Yagi-Uda,1710-1880,1800,7,86.6,174.9,3;4;6,9-12,medium: split driven element and balun or matching transition required,low,high,Potential passive-chain margin but high sensitivity to small dimensional errors,4,pre-simulation seed only
LPDA_800_2200_SEED,LPDA,800-2200,800,9,178.0,142.6,3;4;6,5-8,high: balanced boom feed and broadband matching are central risks,medium,high,Band hedge only; must justify complexity and lower gain after passive-chain losses,5,pre-simulation seed only
BIQUAD_1800_SEED,Biquad with reflector,1710-1880,1800,key dimensions,83.3,83.3,2;3;4,7-10,medium: feed location and reflector spacing must be modeled,low,medium,Compact high-band experiment; not useful if only 900 MHz survives outages,6,pre-simulation seed only
BIQUAD_2100_SEED,Biquad with reflector,1920-2170,2100,key dimensions,71.4,71.4,2;3;4,7-10,medium: feed location and reflector spacing must be modeled,low,medium,Useful only for broadband/high-band awareness; not primary blackout target,7,pre-simulation seed only
